Datetime,Water Level (m)
2025-11-17 12:00:00,-0.53584623
2025-11-17 13:00:00,-0.60686
2025-11-17 14:00:00,-0.40401196
2025-11-17 15:00:00,-0.100426786
2025-11-17 16:00:00,0.24131794
2025-11-17 17:00:00,0.57123023
2025-11-17 18:00:00,0.78595114
2025-11-17 19:00:00,0.7858624
2025-11-17 20:00:00,0.54566956
2025-11-17 21:00:00,0.31020728
2025-11-17 22:00:00,0.07205905
2025-11-17 23:00:00,-0.1626824
2025-11-18 00:00:00,-0.3777897
2025-11-18 01:00:00,-0.5400911
2025-11-18 02:00:00,-0.474674
2025-11-18 03:00:00,-0.19701478
2025-11-18 04:00:00,0.11697902
2025-11-18 05:00:00,0.4208727
2025-11-18 06:00:00,0.6161149
2025-11-18 07:00:00,0.5525972
2025-11-18 08:00:00,0.3295933
2025-11-18 09:00:00,0.113541566
2025-11-18 10:00:00,-0.108504474
2025-11-18 11:00:00,-0.32693097
2025-11-18 12:00:00,-0.5284975
2025-11-18 13:00:00,-0.6797116
2025-11-18 14:00:00,-0.59164685
2025-11-18 15:00:00,-0.305032
2025-11-18 16:00:00,0.051673736
2025-11-18 17:00:00,0.43841052
2025-11-18 18:00:00,0.75806993
2025-11-18 19:00:00,0.8830301
2025-11-18 20:00:00,0.7212719
2025-11-18 21:00:00,0.46926224
2025-11-18 22:00:00,0.23311248
2025-11-18 23:00:00,-0.008771142
2025-11-19 00:00:00,-0.23898725
2025-11-19 01:00:00,-0.4436579
2025-11-19 02:00:00,-0.56754
2025-11-19 03:00:00,-0.40041113
2025-11-19 04:00:00,-0.09610025
2025-11-19 05:00:00,0.23465401
2025-11-19 06:00:00,0.53222287
2025-11-19 07:00:00,0.65714353
2025-11-19 08:00:00,0.4866201
2025-11-19 09:00:00,0.254702
2025-11-19 10:00:00,0.029744292
2025-11-19 11:00:00,-0.19719926
2025-11-19 12:00:00,-0.41612622
2025-11-19 13:00:00,-0.60677606
2025-11-19 14:00:00,-0.6812972
2025-11-19 15:00:00,-0.4609382
2025-11-19 16:00:00,-0.13158719
2025-11-19 17:00:00,0.24966413
2025-11-19 18:00:00,0.629352
2025-11-19 19:00:00,0.8925776
2025-11-19 20:00:00,0.89564717
2025-11-19 21:00:00,0.6456945
2025-11-19 22:00:00,0.39862648
2025-11-19 23:00:00,0.15237132
2025-11-20 00:00:00,-0.09404229
2025-11-20 01:00:00,-0.3218894
2025-11-20 02:00:00,-0.51509255
2025-11-20 03:00:00,-0.543641
2025-11-20 04:00:00,-0.28393644
2025-11-20 05:00:00,0.042266082
2025-11-20 06:00:00,0.36997437
2025-11-20 07:00:00,0.6073635
2025-11-20 08:00:00,0.5820934
2025-11-20 09:00:00,0.35406116
2025-11-20 10:00:00,0.13058686
2025-11-20 11:00:00,-0.09499553
2025-11-20 12:00:00,-0.31879678
2025-11-20 13:00:00,-0.52674437
2025-11-20 14:00:00,-0.68902993
2025-11-20 15:00:00,-0.6244615
2025-11-20 16:00:00,-0.34101012
2025-11-20 17:00:00,0.018927334
2025-11-20 18:00:00,0.42055517
2025-11-20 19:00:00,0.77571076
2025-11-20 20:00:00,0.94786906
2025-11-20 21:00:00,0.7841026
2025-11-20 22:00:00,0.52274436
2025-11-20 23:00:00,0.2794443
2025-11-21 00:00:00,0.030470908
2025-11-21 01:00:00,-0.20842677
2025-11-21 02:00:00,-0.4245212
2025-11-21 03:00:00,-0.57693964
2025-11-21 04:00:00,-0.45825747
2025-11-21 05:00:00,-0.16133755
2025-11-21 06:00:00,0.16568168
2025-11-21 07:00:00,0.4677341
2025-11-21 08:00:00,0.60787404
2025-11-21 09:00:00,0.44838995
2025-11-21 10:00:00,0.21828857
2025-11-21 11:00:00,-0.0035929736
2025-11-21 12:00:00,-0.22739835
2025-11-21 13:00:00,-0.4452438
2025-11-21 14:00:00,-0.6376036
2025-11-21 15:00:00,-0.7307306
2025-11-21 16:00:00,-0.5308867
2025-11-21 17:00:00,-0.20700958
2025-11-21 18:00:00,0.17627996
2025-11-21 19:00:00,0.57613796
2025-11-21 20:00:00,0.87463146
2025-11-21 21:00:00,0.9082767
2025-11-21 22:00:00,0.65667176
2025-11-21 23:00:00,0.40902779
2025-11-22 00:00:00,0.16430604
2025-11-22 01:00:00,-0.08210793
2025-11-22 02:00:00,-0.3099902
2025-11-22 03:00:00,-0.50612605
2025-11-22 04:00:00,-0.56402403
2025-11-22 05:00:00,-0.3283879
2025-11-22 06:00:00,-0.018062325
2025-11-22 07:00:00,0.29925126
2025-11-22 08:00:00,0.5405306
2025-11-22 09:00:00,0.53011805
2025-11-22 10:00:00,0.3075575
2025-11-22 11:00:00,0.0875669
2025-11-22 12:00:00,-0.13126618
2025-11-22 13:00:00,-0.35014248
2025-11-22 14:00:00,-0.55189115
2025-11-22 15:00:00,-0.71004325
2025-11-22 16:00:00,-0.65659297
2025-11-22 17:00:00,-0.38613662
2025-11-22 18:00:00,-0.042110953
2025-11-22 19:00:00,0.3520513
2025-11-22 20:00:00,0.71495235
2025-11-22 21:00:00,0.91607785
2025-11-22 22:00:00,0.7831834
2025-11-22 23:00:00,0.522136
2025-11-23 00:00:00,0.28262678
2025-11-23 01:00:00,0.037493814
2025-11-23 02:00:00,-0.19932435
2025-11-23 03:00:00,-0.41449428
2025-11-23 04:00:00,-0.56812763
2025-11-23 05:00:00,-0.47288755
2025-11-23 06:00:00,-0.1977448
2025-11-23 07:00:00,0.10228453
2025-11-23 08:00:00,0.38564667
2025-11-23 09:00:00,0.53132635
2025-11-23 10:00:00,0.39833212
2025-11-23 11:00:00,0.17983131
2025-11-23 12:00:00,-0.031961206
